PRICE,SMA_2,SMA_4,SMA_8,SMA_16,SMA_32,EMA_2,EMA_4,EMA_8,EMA_16,EMA_32,DEMA_2,DEMA_4,DEMA_8,DEMA_16,DEMA_32,TEMA_2,TEMA_4,TEMA_8,TEMA_16,TEMA_32,RSL_2,RSL_4,RSL_8,RSL_16,RSL_32,SPL_2,SPL_4,SPL_8,SPL_16,SPL_32
59922.98,,,,,,,,,,,,,,,,,,,,,,,,,,,,,,
62178.31,61050.645000000004,,,,,61050.645000000004,,,,,61050.645000000004,,,,,61050.645000000004,,,,,62178.31,,,,,59922.98,,,,
61807.99,61993.149999999994,,,,,61555.541666666664,,,,,61723.84055555555,,,,,61779.94018518519,,,,,62178.31,,,,,61807.99,,,,
61550.89,61679.44,61365.042499999996,,,,61553.215833333335,61365.042499999996,,,,61636.202361111114,61365.042499999996,,,,61621.595995370386,61365.042499999996,,,,61807.99,62178.31,,,,61550.89,59922.98,,,
61435.98,61493.435,61743.292499999996,,,,61506.321500000005,61393.417499999996,,,,61527.976816666676,61410.4425,,,,61482.41427055554,61420.65750000001,,,,61550.89,62178.31,,,,61435.98,61435.98,,,
60911.11,61173.545,61426.4925,,,,61307.917666666675,61232.64833333333,,,,61190.085322222236,61136.81888888888,,,,61066.718517407426,61068.39259259259,,,,61435.98,61807.99,,,,60911.11,60911.11,,,
61074.5,60992.805,61243.119999999995,,,,61241.226904761905,61187.4630952381,,,,61109.42468594105,61086.73832199547,,,,61011.32705794731,61034.36573264228,,,,61074.5,61550.89,,,,60911.11,60911.11,,,
61521.13,61297.815,61235.68,61300.361249999994,,,61311.202678571426,61270.87982142858,61300.361249999994,,,61264.832844812925,61257.89878613947,61300.361249999994,,,61255.333912614406,61284.427147589726,61300.361249999994,,,61521.13,61521.13,62178.31,,,61074.5,60911.11,59922.98,,
62913.3,62217.215,61605.01,61674.151249999995,,,61667.22430555556,61635.86208333334,61658.792083333334,,,61908.0645891755,61909.64081514551,61937.57162037038,,,62124.06217764877,62153.309359574465,62154.400149176974,,,62913.3,62913.3,62913.3,,,61521.13,60911.11,60911.11,,
64018.73,63466.015,62381.91500000001,61904.20375,,,62137.52544444445,62112.43566666667,62130.77966666667,,,62706.438582451505,62712.717518783065,62731.39336296297,,,63141.69493673981,63168.85485056963,63162.32351341566,,,64018.73,64018.73,64018.73,,,62913.3,61074.5,60911.11,,
63576.05,63797.39,63007.3025,62125.21125,,,62399.075363636366,62378.54736363636,62393.556090909085,,,63078.54513770826,63087.414812888615,63099.96618953167,,,63525.11940254265,63549.46084564328,63539.10609635081,,,64018.73,64018.73,64018.73,,,63576.05,61521.13,60911.11,,
63219.99,63398.020000000004,63432.0175,62333.84875,,,62535.89446969698,62518.7878030303,62531.295075757575,,,63216.13520314073,63226.377710235465,63234.7526453168,,,63588.922889979265,63610.351452491785,63598.24212677997,,,63576.05,64018.73,64018.73,,,63219.99,62913.3,60911.11,,
63210.41,63215.2,63506.295,62555.6525,,,62639.666089743594,62625.19121794872,62635.77429487179,,,63303.0611580816,63313.95479820713,63319.41311605702,,,63604.24286877855,63622.92568808446,63610.211428670926,,,63219.99,64018.73,64018.73,,,63210.41,63210.41,60911.11,,
63394.63,63302.520000000004,63350.27,62866.0925,,,62747.51807692309,62735.11104395605,62744.182252747254,,,63408.58698165236,63419.696820755256,63423.079491942124,,,63664.748879156585,63680.94803768507,63668.27097533374,,,63394.63,63576.05,64018.73,,,63210.41,63210.41,61074.5,,
63108.43,63251.53,63233.365000000005,63120.333750000005,,,62795.63966666668,62784.88690476191,62792.74861904762,,,63410.27142854316,63421.33365735296,63423.21707714348,,,63592.03288257438,63606.030891045084,63593.74475246371,,,63394.63,63394.63,64018.73,,,63108.43,63108.43,61521.13,,
62190.0,62649.215,62975.8675,63203.9425,62252.151875,,62719.93470833334,62710.52604166667,62717.405041666665,62252.151875,,63191.4956614336,63202.351194975505,63203.139312292216,62252.151875,,63225.34997603171,63237.417375084115,63225.708614160925,62252.151875,,63108.43,63394.63,64018.73,64018.73,,62190.0,62190.0,62190.0,59922.98,
62800.0,62495.0,62873.265,63189.780000000006,62431.965625000004,,62729.354154411776,62721.05238970589,62727.12209558823,62316.60459558823,,63153.74862427533,63164.30371442476,63164.28502901216,62373.47464316608,,63142.00259312367,63152.385201058874,63141.34205665956,62423.65409691124,,62800.0,63394.63,64018.73,64018.73,,62190.0,62190.0,62190.0,60911.11,
62896.48,62848.240000000005,62748.7275,63049.49875,62476.85125000001,,62747.92369281046,62740.54434640523,62745.93964052287,62381.03519607842,,63141.669477932446,63151.871707665865,63151.25562128604,62488.857994361126,,63103.98528602734,63112.90061715555,63102.553465718636,62578.753287205574,,62896.48,63108.43,63576.05,64018.73,,62800.0,62190.0,62190.0,60911.11,
62420.0,62658.240000000005,62576.62,62904.9925,62515.101875,,62713.405409356725,62706.80283625731,62711.63020467835,62385.13675438595,,63034.81948979675,63044.64280830553,63043.583429079255,62485.27959975617,,62936.38421390304,62944.022063290424,62934.36745524746,62558.840693379505,,62896.48,62896.48,63394.63,64018.73,,62420.0,62190.0,62190.0,60911.11,
61853.79,62136.895000000004,62492.567500000005,62734.2175,62534.033125,,62627.443868421055,62621.501552631584,62625.84618421052,62332.00207894736,,62839.351153974974,62848.78637221183,62847.398467750274,62374.30943188582,,62652.20329027318,62658.72806447709,62649.74324452663,62388.462472958265,,62420.0,62896.48,63394.63,64018.73,,61853.79,61853.79,61853.79,60911.11,
61447.22,61650.505000000005,62154.372500000005,62513.81875,62534.735625,,62515.04159523809,62509.66521428572,62513.59607142856,62247.73711904761,,62605.0699397642,62614.11860206921,62612.488511638,62209.775474654074,,62325.474259294555,62331.02788535024,62322.67964189867,62149.95627613352,,61853.79,62896.48,63394.63,64018.73,,61447.22,61447.22,61447.22,60911.11,
61035.01,61241.115000000005,61689.005000000005,62218.86624999999,62542.479375,,62380.49326839827,62375.605649350655,62379.17915584415,62137.489199134194,,62340.020557203985,62348.69094284922,62346.88417823054,62002.75323158242,,61967.20534248575,61971.91020557296,61964.160280446566,61860.39548460169,,61447.22,62420.0,63108.43,64018.73,,61035.01,61035.01,61035.01,61035.01,
61249.34,61142.175,61396.340000000004,61986.479999999996,62553.40687500001,,62282.13211462451,62277.66950592886,62280.93227272727,62060.25883399209,,62155.370759653684,62163.67525165113,62161.74187814725,61866.72435631507,,61736.18897581064,61740.15064355967,61732.95902554908,61683.0599476531,,61249.34,61853.79,62896.48,64018.73,,61035.01,61035.01,61035.01,61035.01,
61395.01,61322.175,61281.645000000004,61887.10625,62545.524375,,62208.20527173913,62204.11454710145,62207.10541666666,62004.82143115941,,62024.24109037094,62032.194435088415,62030.17293691276,61776.597207358864,,61587.55519765055,61590.864841413866,61584.19174395505,61576.43923213884,,61395.01,61447.22,62896.48,64018.73,,61249.34,61035.01,61035.01,61035.01,
62203.8,61799.405,61470.79,61812.58125,62501.180625,,62207.852849999996,62204.08938333334,62206.84098333333,62020.73971666666,,62038.281575141256,62045.89972961468,62043.81982329307,61825.41825343682,,61649.77202782722,61652.508525064935,61646.31553990853,61671.543455959436,,62203.8,62203.8,62896.48,64018.73,,61395.01,61035.01,61035.01,61035.01,
62128.71,62166.255000000005,61744.215,61716.60999999999,62383.054375,,62201.764938461536,62198.29096923078,62200.8309076923,62029.045123076925,,62039.617997171816,62046.917368165035,62044.80207475574,61856.41491678193,,61687.84703063794,61690.07876641412,61684.32949972724,61735.32241781959,,62203.8,62203.8,62420.0,63576.05,,62128.71,61249.34,61035.01,61035.01,
61259.63,61694.17,61746.7875,61571.56375,62238.278125000004,,62131.97716524216,62128.76052706554,62131.11232193732,61972.05141025641,,61917.22279995597,61924.21974629611,61922.086934259954,61759.43667033464,,61542.79836427972,61544.58476346778,61539.24514743655,61610.291269789144,,62128.71,62203.8,62203.8,63394.63,,61259.63,61259.63,61035.01,61035.01,
60782.17,61020.899999999994,61593.5775,61437.61125,62085.914375,,62035.562367724866,62032.575489418006,62034.7592989418,61887.05988095239,,61746.61957369305,61753.330086602255,61751.1936318884,61610.71120238557,,61330.05048530133,61331.44331064721,61326.48171327465,61413.03753028011,,61259.63,62203.8,62203.8,63394.63,,60782.17,60782.17,60782.17,60782.17,
61090.69,60936.43,61315.3,61393.045000000006,61953.431875,,61970.398756157636,61967.61786945815,61969.65107142857,61832.13782019705,,61640.71348197922,61647.15298618431,61645.02365234931,61523.71333875919,,61214.94064230562,61215.98509228242,61211.37230382278,61309.808655160385,,61090.69,62128.71,62203.8,63394.63,,60782.17,60782.17,60782.17,60782.17,
60937.12,61013.905,61017.4025,61380.808750000004,61799.837499999994,,61901.51350574713,61898.91801149427,61900.81566666667,61772.46996551725,,61529.51434946413,61535.69758633907,61533.583697748254,61428.9171184741,,61092.63340913781,61093.3690462747,61089.07819260693,61196.48627255024,,61090.69,61259.63,62203.8,63108.43,,60937.12,60782.17,60782.17,60782.17,
61109.52,61023.32,60979.875,61363.331249999996,61674.90562500001,,61850.417150537636,61847.989107526904,61849.76433333334,61729.69900000001,,61454.618123657565,61460.559089960625,61458.467050581705,61368.29930437899,,61023.65865537443,61024.120191838454,61020.12660702487,61134.168557909616,,61109.52,61109.52,62203.8,62896.48,,60937.12,60782.17,60782.17,60782.17,
60790.88,60950.2,60982.0525,61287.815,61587.460625,61919.80625,61784.19607862904,61781.91978830647,61783.584062500006,61671.02281250001,61919.80625,61351.05223601466,61356.764160068924,61354.698856014096,61277.20167207405,61919.80625,60912.0169697483,60912.23493307508,60908.51601167868,61027.3089927544,61919.80625,61109.52,61109.52,62203.8,62896.48,64018.73,60790.88,60790.88,60782.17,60782.17,59922.98
60327.47,60559.175,60791.2475,61053.27375,61432.927500000005,61932.446562499994,61695.90964962122,61693.7713162879,61695.334725378794,61589.595369318195,61823.301022727275,61206.08121264279,61211.57655544124,61209.54166926301,61143.1497301715,61732.64459710744,60740.40497992934,60740.40627823847,60736.94132038655,60858.966926557776,61647.48250031307,60790.88,61109.52,62128.71,62896.48,64018.73,60327.47,60327.47,60327.47,60327.47,60327.47
60648.59,60488.03,60719.115,60868.25875000001,61292.434375,61884.6428125,61634.30261140821,61632.290062388616,61633.761506238865,61534.24211229948,61754.20037433155,61115.30451711038,61120.59498968656,61118.593247174664,61061.96079826145,61603.84077525808,60649.56720884418,60649.375611749456,60646.14566898653,60770.178700844954,61467.49699149524,60648.59,61109.52,61259.63,62420.0,64018.73,60327.47,60327.47,60327.47,60327.47,60327.47
61175.4,60911.994999999995,60735.585,60857.729999999996,61214.646875,61864.874375,61608.079605042025,61606.18205882355,61607.569420168074,61513.73684873951,61721.12606722689,61094.01399584453,61099.11058691455,61097.14395189794,61049.109504147105,61548.17409854465,60659.54087685955,60659.17742560729,60656.165152354966,60781.21726920316,61398.320011079966,61175.4,61175.4,61175.4,62203.8,64018.73,60648.59,60327.47,60327.47,60327.47,60327.47
61470.61,61323.005000000005,60905.517499999994,60943.785,61190.698124999995,61862.365625,61600.44240476191,61598.65027777779,61599.960563492066,61511.34091269842,61707.208507936506,61107.723084699726,61112.63609443163,61110.70592326515,61070.2633698779,61530.720620406806,60717.5477453973,60717.03110350635,60714.22061684872,60839.4955163265,61385.85228111202,61470.61,61470.61,61470.61,62203.8,64018.73,61175.4,60327.47,60327.47,60327.47,60327.47
62133.04,61801.825,61356.91,61074.07875,61233.561875,61884.14875,61629.23146396397,61627.53620870873,61628.77566816817,61544.94626876878,61730.22642642642,61190.378514501695,61195.11759155919,61193.22475616065,61159.499605626734,61585.052131388795,60872.24840897227,60871.59516276183,60868.97191192019,60993.82949520639,61477.63547900781,62133.04,62133.04,62133.04,62203.8,64018.73,61470.61,60648.59,60327.47,60327.47,60327.47
61759.87,61946.455,61634.73,61176.92249999999,61278.865625000006,61910.6725,61636.107176386926,61634.50114509248,61635.675369843535,61556.258044096736,61731.78661450925,61226.865583402294,61231.43976331437,61229.584749528854,61201.8144661676,61595.73114476259,60953.53203166904,60952.756948489776,60950.30759448374,61074.23517912897,61502.60688751946,62133.04,62133.04,62133.04,62203.8,64018.73,61759.87,61175.4,60327.47,60327.47,60327.47
61911.4,61835.635,61818.73,61277.157499999994,61320.244374999995,61936.825625000005,61650.22475708503,61648.70108636979,61649.81509446694,61574.47045209177,61740.99755735492,61275.36351465935,61279.781258202354,61277.96424470856,61255.48190625686,61620.65787798732,61048.66432380167,61047.78057448662,61045.49287993714,61168.08197207881,61547.21907609063,61911.4,62133.04,62133.04,62203.8,64018.73,61759.87,61470.61,60327.47,60327.47,60327.47
61938.01,61924.705,61935.58,61420.54875,61354.181875,61949.853124999994,61664.61401923078,61663.1665320513,61664.22483974359,61592.64742948719,61750.84817948718,61322.16563796485,61326.43486868968,61324.65579048595,61306.87643946966,61645.8835751136,61137.59362475182,61136.61297572525,61134.47570442883,61255.403180027046,61590.72303455606,61938.01,62133.04,62133.04,62203.8,64018.73,61911.4,61759.87,60327.47,60327.47,60327.47
62265.57,62101.79,61968.7125,61662.81125,61358.0425,61929.611562499995,61693.92894512196,61692.552067073186,61693.55875,61625.472920731714,61775.9565609756,61396.07029244842,61400.1984327988,61398.45703241346,61384.86622677691,61699.99576359704,61262.91641195559,61261.84939154976,61259.85221726577,61378.86501770825,61675.11496825707,62265.57,62265.57,62265.57,62265.57,64018.73,61938.01,61759.87,60648.59,60327.47,60327.47
63273.59,62769.58,62347.1425,61990.936250000006,61429.5975,61906.3259375,61769.15090011615,61767.839587688744,61768.798333333325,61703.95468641115,61847.272439024375,61557.11594994534,61561.109955632724,61559.405824520756,61549.549992815555,61842.84870632934,61512.03958995481,61510.89563274636,61509.02905654575,61625.93169880655,61887.28324856129,63273.59,63273.59,63273.59,63273.59,63576.05,62265.57,61911.4,61175.4,60327.47,60327.47
65199.99,64236.78999999999,63169.29,62494.01000000001,61675.869999999995,61957.0740625,61928.724811738655,61927.474490586945,61928.38864341084,61866.560980066446,62003.21279069766,61878.703821494935,61882.57021394809,61880.90282601231,61874.38111035593,62147.68212507227,61990.20246329492,61988.9900356635,61987.24531115187,62101.88966209819,62332.01775254588,65199.99,65199.99,65199.99,65199.99,65199.99,63273.59,61938.01,61470.61,60327.47,60327.47
65941.89,65570.94,64170.259999999995,63052.92,61998.35249999999,62042.13343750001,62111.141411205084,62109.947922832995,62110.8205232558,62051.80320824525,62182.24357293868,62237.519038190396,62241.2639350035,62239.63267377284,62236.09000496497,62491.03913879905,62512.33005817262,62511.05676777714,62509.4258335073,62621.702713220555,62823.85273144213,65941.89,65941.89,65941.89,65941.89,65941.89,65199.99,62265.57,61759.87,60327.47,60327.47
66037.21,65989.55,65113.17,63540.94125,62307.51,62130.47093750001,62285.633348484866,62284.492904040424,62285.32672222222,62228.932398989906,62353.57541414141,62573.13093211595,62576.76007549045,62575.16425617307,62574.285453678094,62812.36382533504,62989.6871986716,62988.359890119005,62986.83530853386,63096.66757695886,63273.71219940126,66037.21,66037.21,66037.21,66037.21,66037.21,65941.89,63273.59,61759.87,60327.47,60327.47
66379.41,66208.31,65889.625,64118.38375,62647.653125,62223.7453125,62463.62363768117,62462.5327777778,62463.33034299516,62409.38794685992,62528.61170048309,62908.87290734216,62912.391690565746,62910.83057794835,62912.33530582863,63134.87880247339,63458.21094894571,63456.835787577176,63455.41068986089,63562.74754088725,63717.23512538575,66379.41,66379.41,66379.41,66379.41,66379.41,66037.21,65199.99,61911.4,60327.47,60327.47
65835.01,66107.20999999999,66048.38,64608.83500000001,62942.99624999999,62308.9509375,62607.08688714155,62606.04244680854,62606.80607308048,62555.159098057375,62669.309500462536,63170.74780970455,63174.161301741326,63172.634124713084,63176.27256523774,63384.48866192293,63810.08262359288,63808.665169018626,63807.333205279836,63912.14544709229,64046.34136845931,66379.41,66379.41,66379.41,66379.41,66379.41,65835.01,65835.01,61938.01,60327.47,60327.47
67525.83,66680.42,66444.365,65307.3125,63363.93062499999,62475.695625,62812.03451684399,62811.033594858185,62811.765403368794,62762.270385638316,62871.664521276594,63548.61771276504,63551.93068104968,63550.43664437634,63555.9857756179,63750.96811262294,64327.03075470946,64325.57602547999,64324.331319737124,64426.60746341108,64542.52953502766,67525.83,67525.83,67525.83,67525.83,67525.83,65835.01,65835.01,62265.57,60327.47,60327.47
68490.0,68007.91500000001,67057.5625,66085.36624999999,63874.088749999995,62653.50812500001,63043.78821003403,63042.82814200683,63043.530080782315,62996.05526785716,63100.98433673469,63972.601144487526,63975.81807602696,63974.35636988008,63981.61675343525,64164.357808567525,64903.62585229191,64902.13838288761,64900.97549237393,65000.718504851764,65100.16742562646,68490.0,68490.0,68490.0,68490.0,68490.0,67525.83,65835.01,63273.59,60648.59,60327.47
67852.56,68171.28,67425.85,66657.73750000002,64324.336875,62808.38562500001,63236.13908163266,63235.21741632656,63235.891277551025,63190.315457142875,63291.0473632653,64312.45633544271,64315.58145633283,64314.15126398284,64322.94426501212,64494.34640169421,65347.84420151718,65346.328092665724,65345.24197101764,65442.46657577144,65527.05217800302,68490.0,68490.0,68490.0,68490.0,68490.0,67852.56,65835.01,65199.99,61175.4,60327.47
67594.98,67723.76999999999,67865.8425,66957.11125,64725.560625,62970.10375000001,63407.07401960785,63406.18849803924,63406.835933333336,63363.04740000002,63459.82903529411,64605.41436073484,64608.451654200595,64607.052158205726,64617.21753305086,64778.10265906721,65717.43664928737,65715.8956124734,65714.88157640753,65809.61200679804,65880.77594771418,67852.56,68490.0,68490.0,68490.0,68490.0,67594.98,67525.83,65835.01,61470.61,60327.47
66771.1,67183.04000000001,67677.16,67060.7625,65056.84125,63123.7696875,63536.459634238316,63535.60817119158,63536.23070512821,63494.12634615387,63587.18561085973,64813.119207082025,64816.072430147055,64814.70281730827,64826.09661461992,64977.21464868542,65957.67836118708,65956.11575809601,65955.1694572212,66047.43758496836,66106.47301666581,67594.98,68490.0,68490.0,68490.0,68490.0,66771.1,66771.1,65835.01,61759.87,60327.47
66800.21,66785.655,67254.7125,67156.1375,65348.539375,63291.050625,63659.620025399134,63658.80069303341,63659.39973512338,63618.88421988391,63708.43181422351,65006.61659453557,65009.48929342326,65008.148758725954,65020.64148878959,65162.67780102848,66175.66760718249,66174.08648471668,66173.20387416196,66263.04764935927,66311.11631357456,66800.21,67852.56,68490.0,68490.0,68490.0,66771.1,66771.1,65835.01,61759.87,60327.47
66947.66,66873.935,67028.4875,67227.16875,65672.77625,63475.8209375,63781.39928371769,63780.61029699514,63781.18715234104,63742.17221174007,63828.40322851154,65195.77600645213,65198.571530815185,65197.259280538296,65210.73431469591,65344.31628141591,66386.41342579912,66384.81654721567,66383.99386279007,66471.4560132187,66509.60313492638,66947.66,67594.98,68490.0,68490.0,68490.0,66800.21,66771.1,65835.01,61911.4,60327.47
66487.23,66717.445,66751.55000000002,67308.69625,65958.765625,63639.505,63879.79312794614,63879.03283164986,63879.588710437725,63841.992494949525,63925.08783838384,65337.553856110375,65340.2753721801,65338.990626320985,65353.34279434517,65479.04558615045,66526.70177453164,66525.09164717767,66524.32538280648,66609.45232949094,66638.61962367322,66947.66,66947.66,68490.0,68490.0,68490.0,66487.23,66487.23,66487.23,61938.01,60327.47
66426.43,66456.82999999999,66665.3825,67171.27124999999,66239.291875,63796.736874999995,63970.744444805205,63970.01130194808,63970.54732792209,63934.293834415614,64014.42148701299,65464.14534536338,65466.795848104084,65465.53784224087,65480.67220046085,65599.02390496604,66645.19100436376,66643.56990441946,66642.85679162903,66725.69774504924,66746.73480168566,66487.23,66947.66,68490.0,68490.0,68490.0,66426.43,66426.43,66426.43,62265.57,60327.47
66546.8,66486.61499999999,66602.03,66928.37125,66506.86875,63932.455624999995,64061.132359022566,64060.424940476216,64060.94215852131,64025.96071741857,64103.276873433584,65589.34963643756,65591.93196078547,65590.69994747729,65606.53069457035,65718.01686010991,66762.54984647522,66760.91984106222,66760.25683030872,66840.86303778476,66854.53730922147,66546.8,66947.66,67852.56,68490.0,68490.0,66426.43,66426.43,66426.43,63273.59,60327.47
68348.63,67447.715,66952.27249999999,66990.37999999999,66824.05875,64126.82812499999,64208.97710526317,64208.2940804598,64208.79346339989,64175.0182788869,64249.66836055656,65827.24388672374,65829.76071798391,65828.55396779186,65845.00348858906,65950.07116284555,67046.9332658386,67045.29623280338,67044.68047646387,67123.10459622405,67130.11017706204,68348.63,68348.63,68348.63,68490.0,68490.0,66546.8,66426.43,66426.43,65199.99,60327.47
66650.99,67499.81,66993.2125,66872.38125,66914.74625,64295.308124999996,64291.75720338984,64291.097331969635,64291.57978667447,64258.94952367039,64331.069094097016,65935.14147688937,65937.59536035838,65936.41316255572,65953.41118308873,66052.47251006783,67137.75150495322,67136.10915059553,67135.5379874573,67211.83356900426,67212.79893024082,68348.63,68348.63,68348.63,68490.0,68490.0,66650.99,66426.43,66426.43,65835.01,60327.47
64882.43,65766.71,66607.21250000001,66636.2975,66848.53000000001,64423.441249999996,64311.44629661018,64310.80842090398,64311.27479378532,64279.732206214714,64349.447790960454,65919.0838844394,65921.47723431629,65920.31889734435,65937.80173677864,66031.23716670023,67047.0517820865,67045.40565706838,67044.87659817107,67119.09765193769,67114.59246731075,66650.99,68348.63,68348.63,68490.0,68490.0,64882.43,64882.43,64882.43,64882.43,60327.47
64746.18,64814.305,66157.0575,66379.54375,66767.840625,64537.675312499996,64325.69986065574,64325.08289890712,64325.53398087432,64295.025576502754,64362.45540437158,65894.41425345266,65896.74936109585,65895.6142128126,65913.52411994972,66001.6852791241,66947.75257237516,66946.10408601683,66945.61480171673,67017.81544379373,67008.35662630071,64882.43,68348.63,68348.63,68490.0,68490.0,64746.18,64746.18,64746.18,64746.18,60327.47
65228.4,64987.29,65377.0,66164.63625,66695.9025,64671.7778125,64354.819219989426,64354.222160232704,64354.658691168705,64325.134428873636,64390.38910100476,65901.10994785775,65903.3889894401,65902.2763772003,65920.56094095542,66003.77320234575,66898.76929043248,66897.11972357523,66896.66803171395,66966.90219174138,66952.95924147325,65228.4,66650.99,68348.63,68490.0,68490.0,64746.18,64746.18,64746.18,64746.18,60327.47
65255.88,65242.14,65028.222499999996,66010.7175,66659.706875,64801.35156249999,64383.42432411675,64382.84621863802,64383.268891449065,64354.6819073221,64417.86500256017,65908.32346303317,65910.54850664397,65909.45779724317,65928.0694219625,66006.63421171383,66853.59858955686,66851.94910615125,66851.5329612249,66919.85414345487,66901.85389367177,65255.88,65255.88,68348.63,68490.0,68490.0,65228.4,64746.18,64746.18,64746.18,60327.47
64799.6,65027.74,65007.515,65807.36375,66489.3175,64926.624062499985,64396.42981398811,64395.86977430558,64396.27923859128,64368.58559771829,64429.794221230164,65886.27492312627,65888.44793536431,65887.37851487336,65906.27395259749,65980.47082318433,66768.0516105984,66766.40326815682,66766.02075139084,66832.48184052456,66810.81267685656,65255.88,65255.88,68348.63,68490.0,68490.0,64799.6,64746.18,64746.18,64746.18,60327.47
65119.99,64959.795,65100.9675,65629.0125,66278.691875,65076.390312499985,64418.69320432693,64418.15039663464,64418.547262019245,64391.70573317311,64451.03101442308,65884.2752884354,65886.39814053358,65885.3494140459,65904.48934688147,65974.57784356564,66715.40391511036,66713.75767414684,66713.4069843922,66778.0600891221,66753.07570655365,65119.99,65255.88,68348.63,68348.63,68490.0,64799.6,64799.6,64746.18,64746.18,60648.59
64774.26,64947.125,64987.432499999995,65182.21625,66086.298125,65205.31749999999,64429.46795571096,64428.94159673662,64429.32643589745,64403.29828671332,64460.82583216784,65861.08670527945,65863.16117879811,65862.13257010821,65881.48123677252,65947.70258066463,66634.09547341036,66632.45220597468,66632.13165134985,66695.02797964914,66667.0507332389,65119.99,65255.88,66650.99,68348.63,68490.0,64774.26,64774.26,64746.18,64746.18,61175.4
64826.63,64800.445,64880.12,64954.17124999999,65913.27625,65319.41843749998,64441.32353912258,64440.81289235643,64441.186243781114,64415.935054274116,64471.745359565815,65841.70908604357,65843.73687816664,65842.72782939511,65862.25269077113,65924.8312988667,66561.34209733343,66559.70259473597,66559.41058494609,66620.60034607619,66589.92424393528,64826.63,65119.99,65255.88,68348.63,68490.0,64774.26,64774.26,64746.18,64746.18,61470.61
64488.12,64657.375,64802.25,64904.8825,65770.59000000001,65413.71562499999,64442.699905618974,64442.20427787536,64442.56664837579,64418.05814091311,64472.22696663741,65803.23352746526,65805.21625593012,65804.22622710773,65823.89766630984,65883.04252635187,66463.02105232116,66461.38603213179,66461.12107140405,66520.6534003909,66487.54678108453,64826.63,65119.99,65255.88,68348.63,68490.0,64488.12,64488.12,64488.12,64488.12,61759.87
63753.19,64120.655,64460.55,64780.75875,65580.15125000001,65464.34531249999,64422.714111253204,64422.232849531145,64422.584716538804,64398.78660059679,64451.385315430525,65724.40547996617,65726.34468765587,65725.37315627739,65745.16420929805,65801.07012514079,66307.93204816054,66306.30216055733,66306.06284113678,66363.98574212175,66328.69367321048,64488.12,64826.63,65255.88,68348.63,68490.0,63753.19,63753.19,63753.19,63753.19,61759.87
63155.94,63454.565,64055.97,64521.70125,65343.16875,65507.97249999998,64386.5205652174,64386.05305383025,64386.39486749483,64363.27669772259,64414.37259213251,65615.86130724664,65617.75846647055,65616.80492702674,65636.69104052603,65689.53976179012,66112.43222185703,66110.80805538993,66110.59305154654,66166.95335696831,66129.69978672093,63753.19,64826.63,65255.88,68348.63,68490.0,63155.94,63155.94,63155.94,63155.94,61911.4
63845.01,63500.475000000006,63810.565,64345.3425,65178.03,65568.3978125,64371.26674647888,64370.81240442658,64371.14458953724,64348.677635814915,64398.33420925554,65551.15403812761,65553.01055461427,65552.07451810945,65572.03333133331,65621.99457950714,65985.67664421012,65984.05873103975,65983.86679354109,66038.71013657065,65999.69982684818,63845.01,64488.12,65119.99,68348.63,68490.0,63155.94,63155.94,63155.94,63155.94,61938.01
64122.23,63983.62,63719.092500000006,64260.67125000001,65034.0175,65636.65468749999,64364.34905907669,64363.90733763695,64364.23029538342,64342.38742370894,64390.66464788733,65504.73617431638,65506.55339094063,65505.63438440131,65525.64553258213,65572.87793430174,65888.78575872115,65887.17457938372,65887.00453039313,65940.37532843556,65899.79559326377,64122.23,64122.23,65119.99,68348.63,68490.0,63845.01,63155.94,63155.94,63155.94,62265.57
63773.94,63948.08500000001,63724.280000000006,64092.415,64860.713749999995,65683.79125,64348.17346841706,64347.743848934566,64348.057958523605,64326.81352168952,64373.76808219179,65441.5846772552,65443.36387751939,65442.46144349926,65462.506380410305,65507.15831741151,65769.42345997068,65767.81944771693,65767.67017608037,65819.6116234894,65777.63389482908,64122.23,64122.23,64826.63,68348.63,68490.0,63773.94,63155.94,63155.94,63155.94,63155.94
64029.99,63901.965,63942.7925,63999.38125,64590.79874999999,65707.42874999999,64339.5739152166,64339.15590707147,64339.46152721216,64318.79126434656,64364.4767826731,65395.06633691813,65396.808748206124,65395.92244429085,65415.984281903366,65458.194666057876,65677.15065694078,65675.55420169001,65675.42465857812,65725.97872700996,65682.75996662476,64029.99,64122.23,64826.63,66650.99,68490.0,63773.94,63773.94,63155.94,63155.94,63155.94
63554.23,63792.11,63870.0975,63840.331249999996,64397.25124999999,65655.99875,64318.63141081083,64318.224549549566,64318.52201981984,64298.40296396399,64342.870201801816,65325.593330312026,65327.30012693264,65326.4295252479,65346.49288868025,65386.39186958162,65552.91904632575,65551.33049827212,65551.2196931476,65600.42713821921,65556.11111227787,64029.99,64122.23,64488.12,65255.88,68490.0,63554.23,63554.23,63155.94,63155.94,63155.94
64688.99,64121.61,64011.7875,63865.439999999995,64385.16124999999,65616.84562499999,64328.3776894737,64327.98153508774,64328.271177193,64308.68157017547,64351.97861754387,65318.33040873872,65320.002714774215,65319.147401499446,65339.198297657735,65376.9079093941,65523.112279364235,65521.53195226859,65521.43894915177,65569.33932227046,65524.057753351124,64688.99,64688.99,64688.99,65255.88,68490.0,63554.23,63554.23,63155.94,63155.94,63155.94
63941.65,64315.32,64053.715,63888.9975,64334.87812499999,65551.359375,64318.332814422436,64317.946949760786,64318.229068694476,64299.148282638445,64341.320731373904,65272.788506838435,65274.42739881227,65273.5869737022,65293.61267219551,65329.24742521832,65437.67634168569,65436.10451588312,65436.028429890765,65482.66009429373,65436.53370374221,64688.99,64688.99,64688.99,65255.88,68490.0,63941.65,63554.23,63155.94,63155.94,63155.94
64380.0,64160.825,64141.2175,64042.005000000005,64281.853125,65488.87781249999,64319.914024309044,64319.538053613076,64319.812938727955,64301.221403596435,64342.31250749253,65251.43715988594,65253.04366926291,65252.21774517836,65272.20667025213,65305.87409361036,65389.752558970824,65388.18948412006,65388.12947825494,65433.52962844398,65386.66908054111,64380.0,64688.99,64688.99,65255.88,68490.0,63941.65,63554.23,63554.23,63155.94,63155.94
64637.81,64508.905,64412.112499999996,64141.105,64243.22375,65451.4653125,64327.962023693624,64327.595571243124,64327.863497241175,64309.74263388514,64349.79345666993,65243.74654764342,65245.32166317415,65244.50986562344,65264.4514979955,65296.25263664124,65363.22012529212,65361.66602289129,65361.621305062064,65405.825988942095,65358.33274702585,64637.81,64688.99,64688.99,65119.99,68490.0,64380.0,63941.65,63554.23,63155.94,63155.94
64627.58,64632.695,64396.76,64204.27375000001,64232.4725,65360.895,64335.452473101286,64335.095181962046,64335.35640981014,64317.68856803801,64356.73812025318,65235.64557212481,65237.19024204575,65236.39220873759,65256.27699634466,65286.30686771888,65336.93067102918,65335.38573671881,65335.3555569718,65378.399700108996,65330.36680365089,64637.81,64637.81,64688.99,65119.99,68490.0,64627.58,63941.65,63554.23,63155.94,63155.94
64445.07,64536.325,64522.615000000005,64288.165,64190.29,65234.4909375,64338.15907870372,64337.81060956792,64338.06538734569,64320.833788580276,64358.919154321,65218.764963462374,65220.28009756145,65219.4954779701,65239.31475474157,65267.662768409245,65298.44561638237,65296.91002205589,65296.89367000175,65338.81110150573,65290.3238721353,64627.58,64637.81,64688.99,64826.63,68348.63,64445.07,64380.0,63554.23,63155.94,63155.94
64070.41,64257.740000000005,64445.2175,64293.217500000006,64146.299375,65116.29875,64331.62861336948,64331.28864348089,64331.537207166526,64314.72589129783,64351.88234567903,65184.38512012501,65185.87159168236,65185.1000466253,65204.845958496706,65231.59630221197,65234.95221760488,65233.426113343165,65233.422915762865,65274.24639537645,65225.383078963925,64445.07,64637.81,64688.99,64826.63,68348.63,64070.41,64070.41,63554.23,63155.94,63155.94
64170.0,64120.205,64328.265,64370.18875,64105.26,65009.268124999995,64327.733947987086,64327.402170144,64327.64474434324,64311.23852042318,64347.49963855423,65156.14128715845,65157.59993477088,65156.84113599956,65176.50657346249,65201.73856869953,65181.727459707276,65180.21097555383,65180.22029416996,65219.98154021351,65170.813891344216,64170.0,64627.58,64688.99,64688.99,68348.63,64070.41,64070.41,63941.65,63155.94,63155.94
65519.1,64844.55,64551.145000000004,64473.9525,64169.69625,64970.143125,64356.099806368344,64355.77592799771,64356.01272662078,64339.99712707977,64375.394885255315,65192.473642074474,65193.905271371616,65193.15890117526,65212.73743773528,65236.52586741488,65225.22743808463,65223.72068567469,65223.74191507553,65262.47163295092,65213.065447439076,65519.1,65519.1,65519.1,65519.1,68348.63,64170.0,64070.41,63941.65,63155.94,63155.94
65712.65,65615.875,64868.04,64695.3275,64292.16249999999,64936.156875,64388.018634453794,64387.702376750705,64387.93360364147,64372.294841736715,64406.8597114846,65235.88088262675,65237.28626788639,65236.55201870899,65256.03785468889,65278.45326555841,65279.08209796311,65277.5851720203,65277.61773772435,65315.3456487303,65265.761249215946,65712.65,65712.65,65712.65,65712.65,68348.63,65519.1,64070.41,64070.41,63155.94,63155.94
65579.71,65646.18,65245.365,64845.291249999995,64443.648125,64893.408437499995,64415.73238714091,64415.423484268125,64415.64933378933,64400.374264021906,64434.1352995896,65270.94615542284,65272.32604109209,65271.60361516251,65290.99152634678,65312.10050822938,65320.3232458578,65318.83622556959,65318.87958222023,65355.634452472186,65305.927131610486,65712.65,65712.65,65712.65,65712.65,68348.63,65579.71,64170.0,64070.41,63554.23,63155.94
65733.06,65656.38500000001,65636.13,64982.1975,64561.651249999995,64869.84062499999,64446.01578053997,64445.71397888265,64445.93463646084,64431.01071772255,64463.99563753007,65311.156685630594,65312.511787759344,65311.800896734385,65331.08618740265,65350.951631315365,65369.09759730542,65367.62054758775,65367.67417726814,65403.4838465504,65353.70427182989,65733.06,65733.06,65733.06,65733.06,68348.63,65579.71,65519.1,64070.41,63554.23,63155.94
64288.16,65010.61,65328.395000000004,64939.770000000004,64572.02187499999,64803.0196875,64442.428149164065,64442.13320663532,64442.34884926855,64427.76411050159,64459.999373040744,65284.40066665799,65285.731674250375,65285.03203887068,65304.210498813925,65322.89183576181,65318.38290609797,65316.915878758824,65316.979289418,65351.87069982618,65302.06528363368,65733.06,65733.06,65733.06,65733.06,68348.63,64288.16,64288.16,64070.41,63554.23,63155.94
64265.9,64277.03,64966.707500000004,64917.37375,64602.769374999996,64731.74156249999,64438.46122446375,64438.17290985699,64438.383706588356,64424.12671475997,64455.6375893769,65257.635230902444,65258.94280719178,65258.25415695025,65277.32202210439,65294.87544418564,65268.56763954823,65267.11067435861,65267.18339834031,65301.18262259716,65251.39386077531,64288.16,65733.06,65733.06,65733.06,68348.63,64265.9,64265.9,64070.41,63554.23,63155.94
63606.74,63936.32,64473.465,64859.41500000001,64576.31625,64583.55749999999,64419.97853058678,64419.69662297128,64419.902735330834,64405.96256554309,64436.773198501854,65202.87670286936,65204.16148652148,65203.483559344,65222.43747571223,65238.9161410148,65178.0964645926,65176.64959027301,65176.731182939984,65209.86345228935,65160.13023410215,64265.9,65733.06,65733.06,65733.06,66650.99,63606.74,63606.74,63606.74,63554.23,63155.94
60907.41,62257.075,63267.0525,64451.59125,64410.89,64404.070624999986,64342.779222222234,64342.503510378505,64342.70509279609,64329.07130036632,64359.20477655676,65032.96822099922,65034.23082724896,65033.563369187075,65052.400359754465,65067.85458238686,64918.06099409121,64916.62422922029,64916.71426766693,64949.003999269364,64899.36189139785,63606.74,64288.16,65733.06,65733.06,65733.06,60907.41,60907.41,60907.41,60907.41,60907.41
60805.27,60856.34,62396.33,63862.3625,64168.15750000001,64276.65937499999,64265.8768478261,64265.607129718104,64265.80432990922,64252.46692427139,64281.945324892484,64865.831154285625,64867.07217601055,64866.414940945855,64885.13237531911,64899.609801793835,64665.14884199983,64663.72219585181,64663.820277699095,64695.29110146802,64645.77260839602,60907.41,64265.9,65733.06,65733.06,65733.06,60805.27,60805.27,60805.27,60805.27,60805.27
60574.49,60689.88,61473.4775,63220.0925,63957.71,64146.29406249999,64186.49218443199,64186.22826671342,64186.421226040206,64173.37064633008,64202.21510285179,64695.86678140998,64697.086790145535,64696.4395395053,64715.03510603634,64728.580879113295,64410.8684590355,64409.451932352706,64409.55767461856,64440.23245945012,64390.86726236675,60805.27,63606.74,65733.06,65733.06,65733.06,60574.49,60574.49,60574.49,60574.49,60574.49
60669.14,60621.815,60739.0775,62606.271250000005,63725.78125000001,64003.8171875,64111.65490391216,64111.3966014642,64111.585455273394,64098.81254747199,64127.04329215282,64536.946745552064,64538.14629245171,64537.508794935544,64555.98047511064,64568.63738610764,64175.71845672698,64174.31204243207,64174.4250804733,64204.325959832415,64155.14113597046,60669.14,60907.41,65733.06,65733.06,65733.06,60574.49,60574.49,60574.49,60574.49,60574.49
60204.47,60436.805,60563.3425,61915.1975,63448.69750000001,63845.960624999985,64029.39837961927,64029.14551511758,64029.33039305711,64016.82638857784,64044.462801791706,64365.21190081161,64366.391517555516,64365.763548872535,64384.10959376983,64395.918224257126,63923.99385173421,63922.59753558778,63922.71752210689,63951.865918944415,63902.88614308584,60669.14,60805.27,64288.16,65733.06,65733.06,60204.47,60204.47,60204.47,60204.47,60204.47
60058.87,60131.67,60376.7425,61386.536250000005,63163.153125000004,63697.812812499986,63946.679038377195,63946.431441885965,63946.612468201754,63934.3689638158,63961.42961842104,64194.500422911835,64195.66062256715,64195.04196518349,64213.26087382012,64224.259727534656,63676.315449379515,63674.92921058691,63675.05581470083,63703.47246568233,63654.720195397465,60204.47,60669.14,64265.9,65733.06,65733.06,60058.87,60058.87,60058.87,60058.87,60058.87
59039.99,59549.43,59993.1175,60733.2975,62825.33562500001,63507.812812499986,63845.51019222508,63845.26770081615,63845.444994630576,63833.45393363403,63859.95663659792,63989.138966929626,63990.280244765425,63989.670687661535,64007.76118706849,64017.98681281026,63379.59391105924,63378.21772283084,63378.350629195775,63406.055608231094,63357.55125426744,60058.87,60669.14,63606.74,65733.06,65733.06,59039.99,59039.99,59039.99,59039.99,59039.99
59688.0,59363.994999999995,59747.8325,60243.455,62551.435000000005,63348.867187499985,63760.66304544498,63760.425502840306,63760.59917841363,63748.852832947625,63774.814664422454,63818.245048309735,63819.367882569386,63818.76722100694,63836.7282478845,63846.21535409123,63136.84897218546,63135.48280225451,63135.62171024444,63162.63445131148,63114.39653441478,59688.0,60204.47,60907.41,65733.06,65733.06,59039.99,59039.99,59039.99,59039.99,59039.99
60762.83,60225.415,59887.4225,60225.38249999999,62338.486875,63221.873437499984,63700.10076169861,63699.86801793444,63700.03818491032,63688.52913935272,63713.966489383616,63697.18068851158,63698.28554114506,63697.69357644295,63715.52426026355,63724.30582189983,62970.27037779363,62968.91418889421,62969.0588118283,62995.3981310907,62947.44342642091,60762.83,60762.83,60805.27,65733.06,65733.06,59688.0,59039.99,59039.99,59039.99,59039.99
59664.49,60213.66,59788.8275,60082.785,61972.573749999996,63071.13499999999,63619.38854646464,63619.160457575745,63619.327221212116,63608.04835656567,63632.976959595944,63537.428903812055,63538.516221170634,63537.93276048986,63555.63240792697,63563.739766269915,62747.5980212322,62746.25177154137,62746.40183595771,62772.08595317905,62724.42962337516,60762.83,60762.83,60762.83,65733.06,65733.06,59664.49,59039.99,59039.99,59039.99,59039.99
60212.49,59938.49,60081.9525,60037.535,61628.813749999994,62960.48812499999,63551.925208910885,63551.701636633654,63551.8650980198,63540.80957722774,63565.24454455444,63405.46109959972,63406.53131309531,63405.95616923225,63423.5242498051,63430.98720565954,62568.04328202939,62566.706925575636,62566.86217054765,62591.908729808536,62544.56444766055,60212.49,60762.83,60762.83,65733.06,65733.06,59664.49,59664.49,59039.99,59039.99,59039.99
60344.87,60278.68,60246.17,59997.001249999994,61301.636249999996,62872.642187499994,63489.04177344204,63488.82258493495,63488.98284119588,63478.14409532131,63502.09994564161,63283.79908248125,63284.85260921235,63284.28560040033,63301.721733234,63308.5686340654,62405.175161677376,62403.84864871833,62404.0088252115,62428.43491493869,62381.41497653567,60344.87,60762.83,60762.83,65733.06,65733.06,60212.49,59664.49,59039.99,59039.99,59039.99
59840.01,60092.44,60015.465,59951.44375,60933.32062499999,62747.485937499994,63418.18678754996,63417.97185513039,63418.128999619265,63407.500714829635,63430.99140300779,63147.45023063598,63148.4874739824,63147.92842370093,63165.23236531044,63171.490186743584,62221.66482808777,62220.348105459474,62220.51297572544,62244.33514804396,62197.65057719029,60344.87,60344.87,60762.83,64288.16,65733.06,59840.01,59664.49,59039.99,59039.99,59039.99
59734.2,59787.104999999996,60032.8925,59910.86,60648.698124999995,62610.35999999999,63347.34088778938,63347.13008868557,63347.284211165046,63336.86031646752,63359.899260642254,63012.327324512415,63013.34867470031,63012.79741149196,63029.96904450701,63035.66346660154,62041.304577311064,62039.99758875088,62040.16692575657,62063.40121517819,62017.06185979731,59840.01,60344.87,60762.83,64265.9,65733.06,59734.2,59734.2,59039.99,59039.99,59039.99
59213.49,59473.845,59783.1425,59932.5475,60332.92249999999,62467.8459375,63268.600870879105,63268.39408699631,63268.54527380951,63258.31992948718,63280.920036630014,62862.72831126686,62863.73414590608,62863.190503200494,62880.22982595473,62885.38530463521,61840.691934273775,61839.39462071936,61839.5682076086,61862.23014907114,61816.244770253244,59734.2,60344.87,60762.83,63606.74,65733.06,59213.49,59213.49,59213.49,59039.99,59039.99
58100.04,58656.765,59221.935,59734.0525,59988.75374999999,62282.535,63171.08085444742,63170.877972147326,63171.02630637914,63160.99389308176,63183.16758310869,62677.18625153639,62678.17693613149,62677.640752076346,62694.54786899177,62699.18770297966,61588.07232974062,61586.78462960622,61586.96225919231,61609.066905464635,61563.4432597562,59213.49,59840.01,60762.83,60907.41,65733.06,58100.04,58100.04,58100.04,58100.04,58100.04
57928.0,58014.020000000004,58743.9325,59379.698749999996,59802.540624999994,62106.715312500004,63073.07934314934,63072.88025304177,63073.02581467112,63063.180923117616,63084.94015164871,62492.24670771049,62493.22259614694,62492.69371344555,62509.468826148615,62513.61521971557,61338.177032906955,61336.898882339,61337.080356625775,61358.64229509586,61313.38721057636,58100.04,59734.2,60344.87,60805.27,65733.06,57928.0,57928.0,57928.0,57928.0,57928.0
56891.62,57409.81,58033.2875,59033.09,59557.9375,61863.0475,62958.60787383176,62958.412470578034,62958.555336621655,62948.892757874695,62970.24903772929,62276.17977101527,62277.1412060224,62276.61947177764,62293.262870888924,62296.936992725845,61043.76768702262,61042.49902013643,61042.68414986605,61063.717518728095,61018.83696537208,57928.0,59213.49,60344.87,60762.83,65733.06,56891.62,56891.62,56891.62,56891.62,56891.62
55900.0,56395.81,57204.915,58494.02875,59265.781875,61611.74593750001,62829.0921330275,62828.900315154584,62829.04055980291,62819.55527607883,62840.519697587464,62032.04634158328,62032.99365517512,62032.478920739464,62048.990978284004,62052.21301675678,60709.732711579796,60708.473460678346,60708.66206490446,60729.180568763106,60684.67972354237,56891.62,58100.04,60344.87,60762.83,65733.06,55900.0,55900.0,55900.0,55900.0,55900.0
55987.83,55943.915,56676.8625,57949.39874999999,58973.200000000004,61349.49062500001,62704.70554879064,62704.51721851541,62704.65491326104,62695.34208924103,62715.92533944951,61800.026489031035,61800.9600029262,61800.452123757634,61816.833286147186,61819.6225011894,60396.078625227055,60394.82872100344,60395.02062668766,60415.037551596746,60370.920858739104,55987.83,57928.0,59840.01,60762.83,65733.06,55900.0,55900.0,55900.0,55900.0,55900.0
56989.59,56488.71,56442.259999999995,57593.09625,58772.26999999999,61110.48375000002,62601.730493857474,62601.54555692053,62601.680770679755,62592.535745290734,62612.74812612609,61612.23230915917,61613.1523351812,61612.6511707047,61628.90195224739,61631.276724120646,60150.28995084429,60149.04932256908,60149.244364199876,60168.7725921528,60125.04381893755,56989.59,56989.59,59734.2,60762.83,65733.06,55987.83,55900.0,55900.0,55900.0,55900.0
57887.98,57438.785,56691.35,57362.318750000006,58636.589374999996,60899.87125000002,62517.55637789573,62517.37474340409,62517.5075426319,62508.525821267685,62528.37726673098,61463.05679689032,61463.96363734933,61463.469050823696,61479.59002772034,61481.567902855444,59963.37989502942,59962.148470724045,59962.34648995602,59981.39851284675,59938.060801285355,57887.98,57887.98,59213.49,60762.83,65733.06,56989.59,55900.0,55900.0,55900.0,55900.0
58033.05,57960.515,57224.6125,57214.76375,58573.655625,60699.49562500002,62438.18458359669,62438.00616387481,62438.13661267381,62429.313859829315,62448.81395227556,61324.38172820913,61325.2756762657,61324.78753465558,61340.77933944512,61342.377073561074,59792.99412145714,59791.77182805386,59791.972673366865,59810.560606437524,59767.61652115927,58033.05,58033.05,58100.04,60762.83,65733.06,57887.98,55987.83,55900.0,55900.0,55900.0
58052.24,58042.645000000004,57740.715,57208.78875,58471.420625,60511.42781250002,62361.23818739323,62361.06289784191,62361.19105806549,62352.52309035862,62371.68107591984,61191.379273549435,61192.26061356205,61191.77878741485,61207.64210383452,61208.87570251754,59631.78549720451,59630.57226069495,59630.775787071296,59648.91138186506,59606.362954499666,58052.24,58052.24,58052.24,60762.83,65733.06,58033.05,56989.59,55900.0,55900.0,55900.0
58513.1,58282.67,58121.5925,57281.92625,58330.81249999999,60334.649687500016,62294.31404500378,62294.1418039664,62294.26773531652,62285.75051487412,62304.575318077754,61079.040259313726,61079.90926717025,61079.43363049778,61095.16918872654,61096.05394563761,59501.94480500411,59500.740550576156,59500.946619195,59518.64127603085,59476.49004635677,58513.1,58513.1,58513.1,60344.87,65733.06,58052.24,57887.98,55900.0,55900.0,55900.0
58380.06,58446.58,58244.6125,57467.98125,58250.535625,60111.554687500015,62226.82690629682,62226.65763493249,62226.781395052436,62218.411023238354,62236.911260869514,60966.18254956182,60967.03949299605,60966.56992316069,60982.178495416796,60982.72902828403,59371.69007636855,59370.49472853292,59370.70320648104,59387.96798646731,59346.2150405721,58513.1,58513.1,58513.1,60344.87,65733.06,58380.06,58033.05,55900.0,55900.0,55900.0
58625.67,58502.865,58392.7675,57808.689999999995,58151.359374999985,59890.086562500015,62165.26866858234,62165.102290745606,62165.22393530795,62156.99664677274,62175.18064102559,60865.66782788414,60866.512966778246,60866.04934438345,60881.53174084946,60881.76202538986,59260.141075123516,59258.954557831115,59259.16531782855,59276.01095443158,59234.656960110784,58625.67,58625.67,58625.67,60344.87,65733.06,58380.06,58052.24,55987.83,55900.0,55900.0
57588.37,58107.020000000004,58276.8,58008.75749999999,57979.07812500001,59640.357187500005,62087.69411487756,62087.53055700416,62087.650139794256,62079.56229682745,62097.43808778787,60733.86067631192,60734.69426298533,60734.236471770266,60749.59353682104,60749.516938725836,59102.2328401013,59101.0550768511,59101.267996991366,59117.70490717602,59076.75014677818,58625.67,58625.67,58625.67,59840.01,65733.06,57588.37,57588.37,56989.59,55900.0,55900.0
59430.04,58509.205,58506.035,58313.813749999994,57953.455,59443.38781250001,62043.027659165324,62042.866850163744,62042.984423159054,62035.03251032614,62052.60786782504,60668.031964791284,60668.854244276925,60668.40217101515,60683.634779726126,60683.26408483421,59043.01985751205,59041.85077145124,59042.065734954966,59058.10402991167,59017.54843082125,59430.04,59430.04,59430.04,59734.2,64288.16,57588.37,57588.37,57588.37,55900.0,55900.0
59707.51,59568.775,58837.8975,58541.25499999999,57951.786875000005,59300.242500000015,62004.102364845894,62003.94423599434,62004.059849439735,61996.24046848737,62013.522903361285,60613.74672596398,60614.5579362724,60614.11147067424,60629.220525589226,60628.567968364274,59000.71420837334,58999.55372238927,58999.77061737048,59015.42011284515,58975.26327577876,59707.51,59707.51,59707.51,59707.51,64265.9,59430.04,57588.37,57588.37,55900.0,55900.0
58674.67,59191.09,58850.14750000001,58621.4575,57918.110625,59125.516562500015,61949.07042493109,61948.91490977956,61949.02861225892,61941.33847727271,61958.33525206606,60527.57354991613,60528.37392228807,60527.93295690675,60542.91938504606,60541.99667546461,58910.576221873824,58909.42425867922,58909.642977923606,58924.91320416478,58885.154429443115,59707.51,59707.51,59707.51,59707.51,63606.74,58674.67,57588.37,57588.37,55900.0,55900.0
58982.74,58828.705,59198.740000000005,58737.77,57973.279375000006,58981.01656250001,61900.442057309265,61900.28909158645,61900.400930090735,61892.836862891185,61909.55500203219,60454.41722848621,60455.20698763438,60454.771417775635,60469.63616786675,60468.45451681712,58839.802197157944,58838.65867936937,58838.879120123755,58853.77933146111,58814.417643405526,58982.74,59707.51,59707.51,59707.51,60907.41,58674.67,58674.67,57588.37,55900.0,55900.0
58692.91,58837.825,59014.457500000004,58760.24625,58021.08625,58911.81343750001,61848.287064507495,61848.136586032204,61848.24660602422,61840.805531787264,61857.251831267444,60374.467890388754,60375.24725472925,60374.816978364266,60389.56101827888,60388.13116156372,58758.76435728716,58757.62920749735,58757.85127126994,58772.390455338704,58733.42462493013,58982.74,59707.51,59707.51,59707.51,60805.27,58692.91,58674.67,57588.37,55900.0,55900.0
59199.26,58946.08500000001,58887.395,58862.64624999999,58165.31375000001,58861.62562500001,61805.560821531566,61805.41277012846,61805.52101560448,61798.19995869392,61814.38099527926,60313.47581439004,60314.2449962638,60313.81991394542,60328.4442283277,60326.77644935657,58705.86079288056,58704.73393372493,58704.95752609542,58719.144412719994,58680.57297864681,59199.26,59199.26,59707.51,59707.51,60762.83,58692.91,58674.67,57588.37,55900.0,55900.0
59314.13,59256.695,59047.26,58948.70375,58378.69687500001,58822.239375000005,61765.69792838706,61765.55224580641,61765.65875935481,61758.45483935482,61774.37697935479,60258.261194505605,60259.020400390684,60258.60041517263,60273.106003244786,60271.210154497196,58661.261914228184,58660.1432684462,58660.36829888549,58674.21136863489,58636.03265684684,59314.13,59314.13,59707.51,59707.51,60762.83,59199.26,58692.91,57588.37,55987.83,55900.0
58622.02,58968.075,58957.08,59077.91,58543.333750000005,58758.266875,61715.79827873013,61715.65490857139,61715.759731428545,61708.670159365065,61724.33956698408,60183.18152032727,60183.93095104209,60183.51596840118,60197.903841933534,60195.78936526734,58586.75109338239,58585.64058387383,58585.866965572546,58599.374458001075,58561.58659987701,59314.13,59314.13,59707.51,59707.51,60762.83,58622.02,58622.02,58622.02,56989.59,55900.0
57383.39,58002.705,58629.7,58822.07875,58567.94625,58670.108125,61647.57137670289,61647.43026434192,61647.53343644542,61640.55551118609,61655.9781564804,60071.93785265751,60072.67770355573,60072.26763131698,60086.53881275054,60084.21475862564,58458.30872609512,58457.20627597191,58457.433925677506,58470.61384726188,58433.214796491455,58622.02,59314.13,59707.51,59707.51,60762.83,57383.39,57383.39,57383.39,57383.39,55900.0
57259.54,57321.465,58144.770000000004,58516.082500000004,58528.668750000004,58582.62906249999,61579.00838644191,61578.86947896158,61578.97103900096,61572.10214382381,61587.28381028539,59960.50244267158,59961.232903828895,59960.82765209326,59974.98317280408,59972.458218486405,58329.883733044975,58328.78926567877,58329.01810354046,58341.878235326105,58304.865783596724,57383.39,59314.13,59314.13,59707.51,60762.83,57259.54,57259.54,57259.54,57259.54,55900.0
57180.51,57220.025,57611.365,58329.3125,58475.38500000001,58524.5203125,61510.8146130087,61510.67785913272,61510.77784459784,61504.01544391956,61518.96173570732,59850.26527901762,59850.98653541089,59850.58601648565,59864.62691518045,59861.90938198727,58203.53592490433,58202.449363969914,58202.67931339123,58215.227218358246,58178.59900993327,57259.54,58622.02,59314.13,59707.51,60762.83,57180.51,57180.51,57180.51,57180.51,55900.0
58194.79,57687.65,57504.5575,58230.818750000006,58484.294375000005,58477.85749999999,61459.79884973165,61459.66419976145,61459.762646988645,61453.10428324388,61467.820632081064,59774.56552319072,59775.277754869785,59774.88188320143,59788.80920443548,59785.90707407855,58128.8662280147,58127.787497529884,58128.01848502846,58140.26151518848,58104.01506045495,58194.79,58194.79,59314.13,59707.51,60762.83,57180.51,57180.51,57180.51,57180.51,55900.0
55993.03,57093.91,57156.967500000006,57893.33375,58326.79000000001,58328.80124999999,61376.33672988841,61376.204135642954,61376.30107985905,61369.7443705226,61384.236042278295,59634.64426741852,59635.34764967112,59634.956341780664,59648.771134588795,59645.69206466851,57958.472987933485,57957.40201229564,57957.63396736942,57969.579270603754,57933.711958662556,58194.79,58194.79,59314.13,59707.51,60344.87,55993.03,55993.03,55993.03,55993.03,55900.0
56247.18,56120.104999999996,56903.8775,57524.323749999996,58193.48500000001,58222.010312499995,61298.62223398101,61298.49164873928,61298.587124103615,61292.12975884802,61306.40185981954,59506.78204770034,59507.476751210364,59507.08992563091,59520.793242264,59517.54458096415,57806.61939293931,57805.55609695861,57805.788951958755,57817.44347860805,57781.952588974,56247.18,58194.79,59314.13,59707.51,60344.87,55993.03,55993.03,55993.03,55993.03,55900.0
56947.82,56597.5,56845.705,57228.534999999996,58088.61937500002,58119.98937499999,61233.196636477536,61233.06801492364,61233.162054568216,61226.80179254955,61240.85927546135,59403.859661472095,59404.5458524715,59404.16342968806,59417.75632444725,59414.345124476546,57692.33043518154,57691.27474411116,57691.50843412092,57702.878943335796,57667.761656809904,56947.82,58194.79,58622.02,59707.51,60344.87,56247.18,55993.03,55993.03,55993.03,55900.0
56006.74,56477.28,56298.6925,56901.625,57989.76750000001,57984.42281249999,61155.18982100772,61155.063119178514,61155.155755246305,61148.8904225115,61162.738092245505,59276.31384830076,59276.991688715534,59276.61359110696,59290.09711926876,59286.53015109263,57541.53022466679,57540.482064230484,57540.7165269497,57551.80959281168,57517.063001583796,56947.82,56947.82,58194.79,59707.51,59840.01,56006.74,55993.03,55993.03,55993.03,55900.0
56149.51,56078.125,56337.8125,56747.39,57784.73437500001,57869.09468749999,61081.03160143723,61080.906776672164,61080.99804035376,61074.82552736317,61088.46804643446,59156.93124904537,59157.60089663571,59157.227048418645,59170.602265244575,59166.88602964778,57403.29373466455,57402.25303108175,57402.48820671675,57413.31022413882,57378.93134117392,56149.51,56947.82,58194.79,59707.51,59734.2,56006.74,56006.74,55993.03,55993.03,55900.0
56883.07,56516.29,56496.785,56700.33125,57608.206875,57779.996875000004,61019.29687200433,61019.17388289757,61019.26380446621,61013.18206372548,61026.623957516305,59062.66524726522,59063.32685576021,59062.95718293504,59076.225142759715,59072.36588277772,57302.76364857726,57301.730328585596,57301.96615974442,57312.523350159005,57278.50911791702,56883.07,56947.82,58194.79,59314.13,59707.51,56149.51,56006.74,55993.03,55993.03,55900.0
57778.2,57330.634999999995,56704.380000000005,56775.042499999996,57552.1775,57735.1440625,60971.98158920134,60971.860395556,60971.94900440101,60965.95604819664,60979.20170996132,58997.28938103942,58997.943100266544,58997.57753056517,59010.73928595743,59006.742998212176,57245.28285122226,57244.25684209786,57244.49327369025,57254.791690534,57221.13898906897,57778.2,57778.2,58194.79,59314.13,59707.51,56883.07,56006.74,55993.03,55993.03,55900.0
57541.27,57659.735,57088.0125,56693.3525,57462.08562499999,57717.6825,60922.26113138683,60922.141694171136,60922.22901882998,60916.32291706336,60929.37661271551,58927.18777941006,58927.833755419626,58927.4722182551,58940.52881924698,58936.40126472047,57180.48688365677,57179.46811323283,57179.70509237465,57189.75062637682,57156.45628085874,57778.2,57778.2,57778.2,59314.13,59707.51,57541.27,56149.51,55993.03,55993.03,55900.0
56399.99,56970.63,57150.6325,56744.2225,57318.77812499999,57669.9321875,60857.19248201436,60857.07476331975,60857.160831508685,60851.33970962359,60864.205582316725,58826.69281161978,58827.33118680467,58826.97361322252,58839.92610660136,58835.672820878215,57070.207715638186,57069.19611232121,57069.43358824364,57079.23197252643,57046.29276022491,57541.27,57778.2,57778.2,59314.13,59707.51,56399.99,56399.99,56006.74,55993.03,55900.0
56497.47,56448.729999999996,57054.2325,56775.50875,57149.916249999995,57657.615000000005,60794.9107322713,60794.79469527233,60794.87953391571,60789.14157091469,60801.82364542649,58732.026189564196,58732.657102775,58732.303425406266,58745.15285406542,58740.77915707388,56968.71150653143,56967.70699931593,56967.94492327843,56977.50173827635,56944.91439504314,56497.47,57778.2,57778.2,59314.13,59707.51,56399.99,56399.99,56006.74,55993.03,55900.0
56613.63,56555.55,56763.09,56733.735,56981.13499999999,57679.9159375,60735.601785714265,60735.48739463017,60735.57102988854,60729.91445643363,60742.41664336371,58643.51033175883,58644.13391841465,58643.78407143046,58656.53147377465,58652.042479053496,56876.414575694456,56875.4170941761,56875.655419383445,56884.976097588624,56852.7373238735,56613.63,57541.27,57778.2,58622.02,59707.51,56497.47,56399.99,56006.74,55993.03,55987.83
56727.53,56670.58,56559.655,56823.833750000005,56862.729374999995,57703.0315625,60679.15007042252,60679.037290480446,60679.11974777743,60673.542844371186,60685.868944161404,58560.86807257318,58561.48446476823,58561.13838383598,58573.78479323739,58569.1854167547,56792.83932613548,56791.84880052217,56792.08748204546,56801.17731258587,56769.283779017336,56727.53,56727.53,57778.2,58194.79,59707.51,56613.63,56399.99,56149.51,55993.03,55993.03
56825.13,56776.33,56665.94,56908.286250000005,56827.838124999995,57697.8921875,60625.24769181521,60625.13648921499,60625.217793263066,60619.71888850586,60631.872595292014,58483.443516427884,58484.0528430342,58483.710465275166,58496.25690957665,58491.55187812467,56716.949248731566,56715.96560985405,56716.2046045548,56725.06873761149,56693.517090172085,56825.13,56825.13,57778.2,58194.79,59707.51,56727.53,56497.47,56399.99,55993.03,55993.03
57138.29,56981.71,56826.145000000004,56940.18875,56820.26,57674.464374999996,60576.81772387333,60576.70806575367,60576.788240578855,60571.36570949883,60583.35061480185,58417.00349920148,58417.60588596771,58417.26714991608,58429.71465097838,58424.90851016736,56657.28396440091,56656.30714372106,56656.54641017914,56665.18986124917,56633.9767260729,57138.29,57138.29,57778.2,58194.79,59707.51,56825.13,56613.63,56399.99,55993.03,55993.03
57749.99,57444.14,57110.235,56936.6625,56855.8525,57665.61875,60537.82699664749,60537.718851053614,60537.79792001914,60532.45018247126,60544.269778735616,58369.350388913896,58369.9459585605,58369.610804123855,58381.960377413554,58377.05749928594,56625.35994578072,56624.389875399174,56624.62937384362,56633.05702785419,56602.17901567161,57749.99,57749.99,57749.99,58194.79,59707.51,57138.29,56727.53,56399.99,55993.03,55993.03
57648.89,57699.44,57340.575,56950.115,56821.73375000001,57653.0140625,60498.25251724136,60498.14585309398,60498.22383892299,60492.94935805384,60504.60704204061,58320.44870526793,58321.037577578936,58320.70594599994,58332.95860021537,58327.96319050065,56591.149107858924,56590.18572052149,56590.42541276464,56598.642028044276,56568.09573829881,57749.99,57749.99,57749.99,57778.2,59707.51,57648.89,56825.13,56399.99,55993.03,55993.03
58009.99,57829.44,57636.78999999999,57151.365,56947.793750000004,57637.291874999995,60464.398605442155,60464.29339250766,60464.37031730499,60459.16759808031,60470.66667412168,58282.831462945345,58283.41375485666,58283.085588676055,58295.24232540861,58290.15843043775,56573.34762246782,56572.390851570635,56572.63070094496,56580.64091305742,56550.42293771569,58009.99,58009.99,58009.99,58009.99,59707.51,57648.89,57138.29,56497.47,56006.74,55993.03
59048.5,58529.244999999995,58114.3425,57470.24375,57122.87625000001,57658.180625,60445.26484050375,60445.16104936566,60445.2369346387,60440.10452243058,60451.44820555247,58274.303134520356,58274.878960205,58274.554203225845,58286.61601665403,58281.447529951394,56598.382546826026,56597.43232642008,56597.672297717785,56605.48062316362,56575.58755023976,59048.5,59048.5,59048.5,59048.5,59707.51,58009.99,57648.89,56613.63,56006.74,55993.03
58853.83,58951.165,58390.3025,57750.26875,57242.00187500001,57665.310625,60423.90329902047,60423.80090105203,60423.875767730795,60418.81224696171,60430.00366588063,58261.00720923793,58261.57668018813,58261.25527744119,58273.22315405515,58267.973822624794,56615.53955279804,56614.59581759244,56614.83587700786,56622.44671679876,56592.87513361234,59048.5,59048.5,59048.5,59048.5,59707.51,58853.83,57648.89,56727.53,56006.74,55993.03
58960.36,58907.095,58718.17,58029.3725,57426.603125,57708.1853125,60404.38938836687,60404.28835570467,60404.36222416105,60399.36621700222,60410.40841700222,58251.07818793654,58251.6414130429,58251.323310753156,58263.19822910772,58257.871659429766,56637.00719107674,56636.06987644119,56636.30999151555,56643.727634626644,56614.47413081175,58960.36,59048.5,59048.5,59048.5,59707.51,58853.83,58009.99,56825.13,56149.51,55993.03
57900.91,58430.635,58690.899999999994,58163.845,57536.065625,57660.4,60371.23072097128,60371.131026490046,60371.20391655627,60366.27408167769,60377.17002737305,58213.72071894437,58214.277804572266,58213.96295012654,58225.7458806205,58220.34554437278,56616.88495755362,56615.95399952065,56616.19413908908,56623.42276579321,56594.48393607588,58960.36,59048.5,59048.5,59048.5,59707.51,57900.91,57900.91,57138.29,56399.99,55993.03
56957.86,57429.385,58168.24,58141.291249999995,57540.74,57574.47343749999,60326.31794832692,60326.219565615174,60326.291496601574,60321.4265279714,60332.17910596025,58152.8744206908,58153.42547075401,58153.11381266958,58164.80571734955,58159.33495686839,56561.325782203996,56560.40111746946,56560.64125161066,56567.68493669959,56539.05738345871,57900.91,58960.36,59048.5,59048.5,59314.13,56957.86,56957.86,56957.86,56399.99,55993.03
53719.3,55338.58,56884.6075,57637.455,57287.05874999999,57419.618125,60239.951700636375,60239.854603973145,60239.92559468522,60235.124220416226,60245.73624183005,58009.6819223728,58010.22703840463,58009.918526298934,58021.52035868595,58015.98239217952,56382.854417429975,56381.93598335377,56382.17608334141,56389.038799238115,56360.71913486433,56957.86,58960.36,59048.5,59048.5,59314.13,53719.3,53719.3,53719.3,53719.3,53719.3
54341.55,54030.425,55729.905,57224.0375,57087.076250000006,57274.580937499995,60163.34908114759,60163.25324547999,60163.32331423477,60158.58429547576,60169.05849842966,57886.43606518423,57886.97534640612,57886.669930967335,57898.18263590464,57892.58056243135,56234.698708809716,56233.78644341561,56234.02648167204,56240.712101437915,56212.69695050425,54341.55,57900.91,59048.5,59048.5,59314.13,53719.3,53719.3,53719.3,53719.3,53719.3
54326.76,54334.155,54836.36749999999,56763.63374999999,56957.499375,57138.13875,60088.03825429407,60087.94365521573,60088.01281985754,60083.33494972769,60093.674001675725,57766.16568686837,57766.699230256156,57766.39686321475,57777.82137673519,57772.158180959,56091.3616423584,56090.45548433318,56090.69543438501,56097.20773462629,56069.4937358831,54341.55,56957.86,59048.5,59048.5,59314.13,54326.76,53719.3,53719.3,53719.3,53719.3
53726.53,54026.645000000004,54028.535,56098.3875,56784.315625,56967.1159375,60006.4804561621,60006.38706989245,60006.455347808085,60001.83745037221,60012.043950372194,57633.86330041926,57634.391200767066,57634.091834868304,57645.42908407998,57639.70764081373,55930.437085961734,55929.536974653754,55929.776811089345,55936.11947476633,55908.70328297196,54326.76,54341.55,58960.36,59048.5,59314.13,53726.53,53719.3,53719.3,53719.3,53719.3
54347.07,54036.8,54185.4775,55535.042499999996,56642.655625000014,56811.895312500004,59934.38605544665,59934.29385881102,59934.36126694429,59929.802196227334,59939.87867711904,57520.81732136363,57521.33967134569,57521.04326032292,57532.29416331172,57526.51724185917,55798.660901722615,55797.76677714023,55798.006475568865,55804.18309471148,55777.06138231018,54347.07,54347.07,58960.36,59048.5,59048.5,53726.53,53726.53,53719.3,53719.3,53719.3
54394.56,54370.815,54198.73,54964.3175,56496.845,56679.787187500006,59864.261674997964,59864.17064540835,59864.23720027411,59859.73583931306,59869.68476981374,57412.00771381475,57412.524604045,57412.23110259385,57423.396568341785,57417.566836648126,55673.45520184238,55672.567004651726,55672.806541664635,55678.82061999797,55651.99007865487,54394.56,54394.56,57900.91,59048.5,59048.5,54347.07,53726.53,53719.3,53719.3,53719.3
54605.73,54500.145000000004,54268.4725,54552.42,56358.13250000001,56592.98531250001,59798.11662248227,59798.02673791893,59798.09245561657,59793.64771554812,59803.47150226891,57311.39558379844,57311.90710288822,57311.616466641506,57322.69739495952,57316.81742357998,55560.67812752641,55559.79579904845,55560.0351521813,55565.890107664556,55539.34744966739,54605.73,54605.73,56957.86,59048.5,59048.5,54394.56,53726.53,53719.3,53719.3,53719.3
54898.22,54751.975000000006,54561.395000000004,54294.965,56218.128125,56519.19406250001,59736.86791470124,59736.779153694944,59736.84404992136,59732.45486910377,59742.15585849055,57220.747790067195,57221.25402468092,57220.96621018446,57231.96349165873,57226.03575755409,55462.88270462274,55462.00618683062,55462.24533452766,55467.94450180923,55441.68646134595,54898.22,54898.22,54898.22,59048.5,59048.5,54605.73,54347.07,53719.3,53719.3,53719.3
54935.91,54917.065,54708.605,54447.041249999995,56042.248125,56449.05031250002,59677.228685947186,59677.14102756209,59677.2051176242,59672.87046079192,59682.450940993775,57133.46634316019,57133.9673780692,57133.68234275827,57144.59685870903,57138.62374887648,55370.13925451427,55369.26849002984,55369.50741160957,55375.05404440164,55349.077378722155,54935.91,54935.91,54935.91,59048.5,59048.5,54898.22,54394.56,53726.53,53719.3,53719.3
54721.03,54828.47,54790.2225,54494.47625000001,55859.256875,56340.49531250002,59616.041047849074,59615.95447166626,59616.01777049304,59611.736627942635,59621.19883061114,57043.25094327119,57043.7468614058,57043.46456358234,57054.29718603432,57048.28100098158,55273.023930494084,55272.158862584154,55272.397538206045,55277.79481158212,55252.09630205162,54935.91,54935.91,54935.91,59048.5,59048.5,54721.03,54605.73,53726.53,53719.3,53719.3
54137.31,54429.17,54673.1175,54470.79500000001,55617.214375,56282.50406250001,59548.81735401043,59548.731840112065,59548.794362266126,59544.56574907217,59553.91185109443,56941.19636293645,56941.68724543625,56941.40764424677,56952.15923591031,56946.10219298064,55158.286413347625,55157.42698591993,55157.665396553064,55162.91640917028,55137.49286222184,54721.03,54935.91,54935.91,59048.5,59048.5,54137.31,54137.31,53726.53,53719.3,53719.3
54515.61,54326.46,54577.465,54569.43,55333.90874999999,56228.39250000001,59487.436776522496,59487.35230547655,59487.414065165314,59483.237020424946,59492.46914559328,56850.984007577186,56851.46993383975,56851.192989253934,56861.86440351597,56855.76864007119,55061.3366914275,55060.48284902682,55060.720976419245,55065.828752668924,55040.67700066222,54515.61,54935.91,54935.91,58960.36,59048.5,54137.31,54137.31,54137.31,53719.3,53719.3
54493.09,54504.35,54466.759999999995,54587.6825,55061.362499999996,56151.68218750001,59426.899239837374,59426.81579268289,59426.87680376937,59422.75038987434,59431.87061049518,56762.599725790344,56763.08077351826,56762.806446308205,56773.39852723244,56767.26610370069,54967.13589558443,54966.287583387675,54966.525410037495,54971.49290212618,54946.60980411849,54515.61,54721.03,54935.91,58960.36,59048.5,54493.09,54137.31,54137.31,53719.3,53719.3
54296.14,54394.615,54360.5375,54575.380000000005,54769.848750000005,56098.225937500014,59365.08286345378,59365.00042168671,59365.06069769986,59360.98399963488,59369.99433807957,56671.81174278739,56672.28798803386,56672.01623975389,56682.529822089455,56676.36272488405,54869.35745580338,54868.51461961531,54868.75212874242,54873.58221870627,54848.964661141596,54493.09,54515.61,54935.91,57900.91,59048.5,54296.14,54137.31,54137.31,53719.3,53719.3
54617.85,54456.994999999995,54480.6725,54576.895000000004,54564.657499999994,56050.36156250001,59308.229775268715,59308.14832082819,59308.20787497292,59304.17999963926,59313.082429839094,56591.04118568494,56591.512702897795,56591.243495864954,56601.679405062765,56595.47954937838,54786.5421454231,54785.70473167111,54785.94190719057,54790.63740884511,54766.28230616722,54617.85,54617.85,54935.91,56957.86,59048.5,54296.14,54296.14,54137.31,53719.3,53719.3
57274.88,55946.365,55170.49,54873.97749999999,54584.47125,56062.60562500001,59284.023230325045,59283.94274558024,59284.00159074705,59280.02166631022,59288.818115198155,56575.263752161016,56575.73061422544,56575.46391150052,56585.82296373689,56579.59219622866,54800.57560818607,54799.74356391542,54799.98039041155,54804.54405123926,54780.44834643394,57274.88,57274.88,57274.88,57274.88,59048.5,54617.85,54296.14,54137.31,53719.3,53719.3
57359.02,57316.95,55886.9725,55176.86624999999,54811.95374999999,56049.506250000006,59261.242127007594,59261.16259474498,59261.22074351928,59257.287918779926,59265.98026768102,56562.027469567314,56562.489747847096,56562.225513216275,56572.50851542309,56566.248616774115,54817.77341641378,54816.946689282166,54817.18315198378,54821.617654961825,54797.778320032914,57359.02,57359.02,57359.02,57359.02,59048.5,57274.88,54296.14,54137.31,53726.53,53719.3
57515.13,57437.075,56691.719999999994,55526.128749999996,55010.3025,56048.68937500001,59240.69963139574,59240.621034806805,59240.67849947788,59236.79194326487,59245.38202923772,56552.93962132069,56553.39738569823,56553.13558365517,56563.34333355617,56557.05602093869,54840.5260908946,54839.70462916705,54839.940713923585,54844.24867929381,54820.662715677536,57515.13,57515.13,57515.13,57515.13,59048.5,57359.02,54617.85,54137.31,53726.53,53719.3
56883.29,57199.21,57258.08,55869.37625,55170.08562500001,56063.7925,59213.12758892328,59213.04991159269,59213.10670416235,59209.265604747154,59217.755221878215,56529.553805996205,56530.007124911186,56529.74772063975,56539.88100679239,56533.56793622738,54841.30576942311,54840.48952196619,54840.725215225044,54844.909202208,54821.57364113036,57515.13,57515.13,57515.13,57515.13,59048.5,56883.29,56883.29,54296.14,53726.53,53719.3
57125.93,57004.61,57220.8425,56195.666249999995,55382.54812500001,56083.431875,59188.85784951719,59188.781075411374,59188.837207602315,59185.04077213381,59193.4316727866,56512.5008797693,56512.94982025627,56512.69277961368,56522.75238145603,56516.41515007605,54851.01653106598,54850.20544734255,54850.440736126904,54854.50324458246,54831.415147363,57125.93,57515.13,57515.13,57515.13,59048.5,56883.29,56883.29,54296.14,54137.31,53719.3
57880.67,57503.3,57351.255,56619.11375,55603.39812500001,56123.026875,59173.73429056323,59173.658404019334,59173.713887283215,59169.96134124209,59178.25523726306,56513.36914369609,56513.81377142071,56513.55906092123,56523.54574882368,56517.18589704323,54886.89965285414,54886.09368291729,54886.32855480513,54890.27202684086,54867.428485147175,57880.67,57880.67,57880.67,57880.67,59048.5,57125.93,56883.29,54296.14,54137.31,53719.3
57776.25,57828.46,57416.535,57054.127499999995,55814.75375000001,56155.799374999995,59157.67125274067,59157.596238455895,59157.651083981116,59153.941670653105,59162.1402345359,56512.00661040372,56512.44698969799,56512.19457649708,56522.109111818216,56515.72812541589,54918.7637043944,54917.96279888201,54918.19724198579,54922.02406351542,54899.422199571294,57880.67,57880.67,57880.67,57880.67,59048.5,57776.25,56883.29,54617.85,54137.31,53719.3
57092.92,57434.585,57468.942500000005,57363.511249999996,55970.20312500001,56164.167812499996,59134.074095566495,59133.999938587825,59134.054157307044,59130.387137274214,59138.49200328407,56495.31814519264,56495.754339089006,56495.50419096789,56505.34732611431,56498.94663823075,54927.11346502125,54926.31757514988,54926.5515780971,54930.26408035085,54907.90104710177,57776.25,57880.67,57880.67,57880.67,59048.5,57092.92,57092.92,56883.29,54137.31,53719.3
56510.08,56801.5,57314.979999999996,57267.91125,56070.944375000014,56144.53625,59104.25598084415,59104.18266655842,59104.23626915583,59100.61091980519,59108.62368506494,56466.006621033135,56466.43869129757,56466.190776648305,56475.963255137955,56469.54424819331,54916.123282442844,54915.33236000212,54915.56591191642,54919.16637290433,54897.03935414316,57092.92,57880.67,57880.67,57880.67,59048.5,56510.08,56510.08,56510.08,54137.31,53719.3
57602.45,57056.265,57245.425,57298.34,56237.60312500001,56139.92562499999,59087.28642173857,59087.21393586285,59087.26693278119,59083.682547829994,59091.60477336929,56462.06997648205,56462.49798364604,56462.252271457015,56471.95482798578,56465.5188355203,54942.585093960784,54941.799091307075,54942.03218179037,54945.522827721055,54923.629038176696,57602.45,57776.25,57880.67,57880.67,59048.5,56510.08,56510.08,56510.08,54137.31,53719.3
57238.84,57420.645,57111.072499999995,57263.80375,56394.966250000005,56127.11156249999,59066.51736082016,59066.44568939247,59066.49809083982,59062.953979876846,59070.787191646035,56450.26202887191,56450.68603226357,56450.44249210536,56460.07585261653,56453.62416105775,54956.710436841095,54955.92930689173,54956.16192600684,54959.544932662444,54937.88161805446,57602.45,57602.45,57880.67,57880.67,59048.5,57238.84,56510.08,56510.08,54137.31,53719.3
57629.99,57434.41499999999,57245.340000000004,57357.14125,56613.25875,56115.23656249999,59050.46677578306,59050.395905153455,59050.44772110977,59046.94320915196,59054.68889900194,56447.57209809364,56447.992155867854,56447.7507578795,56457.315639635875,56450.84948999562,54983.91960655374,54983.143302781005,54983.37544103482,54986.652935104335,54965.21737216558,57629.99,57629.99,57880.67,57880.67,59048.5,57238.84,56510.08,56510.08,54296.14,53719.3
56950.56,57290.274999999994,57355.45999999999,57335.22,56765.44312499999,56049.67593749999,59027.13447827436,59027.0643950962,59027.115635319664,59023.65006238361,59031.30968901303,56430.08780280066,56430.50397196825,56430.264686843955,56439.761798502324,56433.28238800663,54988.481141135635,54987.70961756046,54987.941265888185,54991.115326259984,54969.90482273016,57629.99,57629.99,57880.67,57880.67,58960.36,56950.56,56950.56,56510.08,54296.14,53719.3
